Project Name,Package Name,Type Name,Method Name,LOC,CC,PC,Line no,IsTest,Main prod class tested,Production classes tested
carballo,org.vectomatic.svg.chess,ChessConstants,whitesVsBlacks,0,1,0,25,0,,
carballo,org.vectomatic.svg.chess,ChessConstants,whitesVsComputer,0,1,0,26,0,,
carballo,org.vectomatic.svg.chess,ChessConstants,blacksVsComputer,0,1,0,27,0,,
carballo,org.vectomatic.svg.chess,ChessConstants,computerVsComputer,0,1,0,29,0,,
carballo,org.vectomatic.svg.chess,ChessConstants,white,0,1,0,31,0,,
carballo,org.vectomatic.svg.chess,ChessConstants,black,0,1,0,32,0,,
carballo,org.vectomatic.svg.chess,ChessConstants,infoTab,0,1,0,34,0,,
carballo,org.vectomatic.svg.chess,ChessConstants,settingsTab,0,1,0,35,0,,
carballo,org.vectomatic.svg.chess,ChessConstants,aboutTab,0,1,0,36,0,,
carballo,org.vectomatic.svg.chess,ChessConstants,actions,0,1,0,38,0,,
carballo,org.vectomatic.svg.chess,ChessConstants,status,0,1,0,39,0,,
carballo,org.vectomatic.svg.chess,ChessConstants,mode,0,1,0,40,0,,
carballo,org.vectomatic.svg.chess,ChessConstants,reflectionTime,0,1,0,41,0,,
carballo,org.vectomatic.svg.chess,ChessConstants,player,0,1,0,42,0,,
carballo,org.vectomatic.svg.chess,ChessConstants,history,0,1,0,43,0,,
carballo,org.vectomatic.svg.chess,ChessConstants,fen,0,1,0,44,0,,
carballo,org.vectomatic.svg.chess,ChessConstants,advanced,0,1,0,45,0,,
carballo,org.vectomatic.svg.chess,ChessConstants,undo,0,1,0,47,0,,
carballo,org.vectomatic.svg.chess,ChessConstants,redo,0,1,0,48,0,,
carballo,org.vectomatic.svg.chess,ChessConstants,restart,0,1,0,49,0,,
carballo,org.vectomatic.svg.chess,ChessConstants,setFen,0,1,0,50,0,,
carballo,org.vectomatic.svg.chess,ChessConstants,thinking,0,1,0,52,0,,
carballo,org.vectomatic.svg.chess,ChessConstants,userMove,0,1,0,53,0,,
carballo,org.vectomatic.svg.chess,ChessConstants,whitesWin,0,1,0,54,0,,
carballo,org.vectomatic.svg.chess,ChessConstants,blacksWin,0,1,0,55,0,,
carballo,org.vectomatic.svg.chess,ChessConstants,draw,0,1,0,56,0,,
carballo,org.vectomatic.svg.chess,ChessConstants,confirmRestart,0,1,0,57,0,,
carballo,org.vectomatic.svg.chess,ChessConstants,confirmYes,0,1,0,58,0,,
carballo,org.vectomatic.svg.chess,ChessConstants,confirmNo,0,1,0,59,0,,
carballo,org.vectomatic.svg.chess,ChessConstants,waitMessage,0,1,0,60,0,,
carballo,org.vectomatic.svg.chess,ChessConstants,mt1s,0,1,0,62,0,,
carballo,org.vectomatic.svg.chess,ChessConstants,mt3s,0,1,0,63,0,,
carballo,org.vectomatic.svg.chess,ChessConstants,mt5s,0,1,0,64,0,,
carballo,org.vectomatic.svg.chess,ChessConstants,mt7s,0,1,0,65,0,,
carballo,org.vectomatic.svg.chess,ChessConstants,mt10s,0,1,0,66,0,,
carballo,org.vectomatic.svg.chess,ChessConstants,mt15s,0,1,0,67,0,,
carballo,org.vectomatic.svg.chess,ChessConstants,mt30s,0,1,0,68,0,,
carballo,org.vectomatic.svg.chess,ChessConstants,standard,0,1,0,70,0,,
carballo,org.vectomatic.svg.chess,ChessConstants,chess960,0,1,0,72,0,,
carballo,org.vectomatic.svg.chess,ChessConstants,about,0,1,0,74,0,,
carballo,org.vectomatic.svg.chess,Resources,getBoard,0,1,0,26,0,,
carballo,org.vectomatic.svg.chess,Resources,getCss,0,1,0,28,0,,
carballo,org.vectomatic.svg.chess,MoveListener,doMove,0,1,1,5,0,,
carballo,org.vectomatic.svg.chess,Main,getHeight,3,1,0,133,0,,
carballo,org.vectomatic.svg.chess,Main,onModuleLoad,48,1,0,137,0,org.vectomatic.svg.chess.Main,org.vectomatic.svg.chess.Main
carballo,org.vectomatic.svg.chess,Main,run,18,1,0,176,0,org.vectomatic.svg.chess.Main,org.vectomatic.svg.chess.Main
carballo,org.vectomatic.svg.chess,Main,updateUI,26,6,0,209,0,,
carballo,org.vectomatic.svg.chess,Main,getMode,3,1,0,240,0,,
carballo,org.vectomatic.svg.chess,Main,nextMove,0,10,0,244,0,org.vectomatic.svg.chess.Main,org.vectomatic.svg.chess.Main
carballo,org.vectomatic.svg.chess,Main,computerMove,9,1,0,286,0,,
carballo,org.vectomatic.svg.chess,Main,run,3,1,0,292,0,,
carballo,org.vectomatic.svg.chess,Main,bestMove,4,1,2,298,0,org.vectomatic.svg.chess.Main,org.vectomatic.svg.chess.Main
carballo,org.vectomatic.svg.chess,Main,info,3,1,1,306,0,,
carballo,org.vectomatic.svg.chess,Main,restart,12,2,0,314,0,org.vectomatic.svg.chess.Main,org.vectomatic.svg.chess.Main
carballo,org.vectomatic.svg.chess,Main,updateFen,7,1,1,330,0,org.vectomatic.svg.chess.Main,org.vectomatic.svg.chess.Main
carballo,org.vectomatic.svg.chess,Main,modeChange,4,1,1,339,0,org.vectomatic.svg.chess.Main,org.vectomatic.svg.chess.Main
carballo,org.vectomatic.svg.chess,Main,restart,3,1,1,345,0,org.vectomatic.svg.chess.Main,org.vectomatic.svg.chess.Main
carballo,org.vectomatic.svg.chess,Main,undo,3,1,1,350,0,org.vectomatic.svg.chess.Main,org.vectomatic.svg.chess.Main
carballo,org.vectomatic.svg.chess,Main,undo,14,4,0,355,0,org.vectomatic.svg.chess.Main,org.vectomatic.svg.chess.Main
carballo,org.vectomatic.svg.chess,Main,redo,3,1,1,372,0,org.vectomatic.svg.chess.Main,org.vectomatic.svg.chess.Main
carballo,org.vectomatic.svg.chess,Main,redo,12,4,0,377,0,org.vectomatic.svg.chess.Main,org.vectomatic.svg.chess.Main
carballo,org.vectomatic.svg.chess,Main,onKeyDown,44,14,1,391,0,org.vectomatic.svg.chess.Main,org.vectomatic.svg.chess.Main
carballo,org.vectomatic.svg.chess,Main,doMove,7,1,1,438,0,org.vectomatic.svg.chess.Main,org.vectomatic.svg.chess.Main
carballo,org.vectomatic.svg.chess,Main,log,0,1,1,447,0,,
carballo,org.vectomatic.svg.chess,ChessBoard,ChessBoard,23,3,1,87,0,org.vectomatic.svg.chess.ChessBoard,org.vectomatic.svg.chess.ChessBoard
carballo,org.vectomatic.svg.chess,ChessBoard,addPiece,18,2,2,116,0,,
carballo,org.vectomatic.svg.chess,ChessBoard,removePiece,6,2,1,145,0,,
carballo,org.vectomatic.svg.chess,ChessBoard,getPiece,13,4,1,158,0,,
carballo,org.vectomatic.svg.chess,ChessBoard,update,7,1,5,179,0,org.vectomatic.svg.chess.ChessBoard,org.vectomatic.svg.chess.ChessBoard
carballo,org.vectomatic.svg.chess,ChessBoard,updateSquare,27,7,3,190,0,org.vectomatic.svg.chess.ChessBoard,org.vectomatic.svg.chess.ChessBoard
carballo,org.vectomatic.svg.chess,ChessBoard,update,7,2,0,226,0,org.vectomatic.svg.chess.ChessBoard,org.vectomatic.svg.chess.ChessBoard
carballo,org.vectomatic.svg.chess,ChessBoard,onMouseDown,5,1,1,238,0,org.vectomatic.svg.chess.ChessBoard,org.vectomatic.svg.chess.ChessBoard
carballo,org.vectomatic.svg.chess,ChessBoard,onMouseDown_,15,2,1,246,0,org.vectomatic.svg.chess.ChessBoard,org.vectomatic.svg.chess.ChessBoard
carballo,org.vectomatic.svg.chess,ChessBoard,onMouseUp,14,3,1,265,0,org.vectomatic.svg.chess.ChessBoard,org.vectomatic.svg.chess.ChessBoard
carballo,org.vectomatic.svg.chess,ChessBoard,onMouseMove,12,2,1,282,0,org.vectomatic.svg.chess.ChessBoard,org.vectomatic.svg.chess.ChessBoard
carballo,org.vectomatic.svg.chess,ChessBoard,getLocalCoordinates,5,1,1,298,0,,
carballo,org.vectomatic.svg.chess,ChessBoard,getX,3,1,1,304,0,,
carballo,org.vectomatic.svg.chess,ChessBoard,getY,3,1,1,308,0,,
carballo,org.vectomatic.svg.chess,ChessBoard,getAlgebraic,12,2,1,312,0,org.vectomatic.svg.chess.ChessBoard,org.vectomatic.svg.chess.ChessBoard
carballo,org.vectomatic.svg.chess,ChessBoard,pieceOfMovingColor,4,1,1,334,0,,
carballo,org.vectomatic.svg.chess,ChessBoard,up,9,2,0,377,0,org.vectomatic.svg.chess.ChessBoard,org.vectomatic.svg.chess.ChessBoard
carballo,org.vectomatic.svg.chess,ChessBoard,down,9,2,0,387,0,org.vectomatic.svg.chess.ChessBoard,org.vectomatic.svg.chess.ChessBoard
carballo,org.vectomatic.svg.chess,ChessBoard,left,9,2,0,397,0,org.vectomatic.svg.chess.ChessBoard,org.vectomatic.svg.chess.ChessBoard
carballo,org.vectomatic.svg.chess,ChessBoard,right,9,2,0,407,0,org.vectomatic.svg.chess.ChessBoard,org.vectomatic.svg.chess.ChessBoard
carballo,org.vectomatic.svg.chess,ChessBoard,enter,20,4,0,417,0,org.vectomatic.svg.chess.ChessBoard,org.vectomatic.svg.chess.ChessBoard
carballo,org.vectomatic.svg.chess,ChessBoard,doMove,10,2,2,435,0,,
carballo,org.vectomatic.svg.chess,ChessBoard,setPossibleDestinySquares,9,3,1,448,0,org.vectomatic.svg.chess.ChessBoard,org.vectomatic.svg.chess.ChessBoard
carballo,org.vectomatic.svg.chess,ChessBoard,setMoveListener,3,1,1,462,0,,
carballo,org.vectomatic.svg.chess,ChessCss,whiteSquare,0,1,0,23,0,,
carballo,org.vectomatic.svg.chess,ChessCss,blackSquare,0,1,0,25,0,,
carballo,org.vectomatic.svg.chess,ChessCss,blueSquare,0,1,0,27,0,,
carballo,org.vectomatic.svg.chess,ChessCss,greenSquare,0,1,0,29,0,,
carballo,org.vectomatic.svg.chess,ChessCss,yellowSquare,0,1,0,31,0,,
carballo,org.vectomatic.svg.chess,ChessCss,redSquare,0,1,0,33,0,,
carballo,org.vectomatic.svg.chess,ChessCss,text,0,1,0,35,0,,
carballo,org.vectomatic.svg.chess,ChessCss,categoryLabel,0,1,0,37,0,,
carballo,com.alonsoruibal.chess.util,StringUtils,padRight,3,1,2,6,0,,
carballo,com.alonsoruibal.chess.util,StringUtils,padLeft,3,1,2,10,0,,
carballo,com.alonsoruibal.chess.hash,ZobristKeyFen,getKey,79,19,1,131,0,,
carballo,com.alonsoruibal.chess.hash,ZobristKey,getKeyPieceIndex,29,13,2,28,0,,
carballo,com.alonsoruibal.chess.hash,ZobristKey,getKey,23,8,1,58,0,com.alonsoruibal.chess.hash.ZobristKey,com.alonsoruibal.chess.hash.ZobristKey
carballo,com.alonsoruibal.chess.pgn,GameNodeComment,GameNodeComment,3,1,1,7,0,,
carballo,com.alonsoruibal.chess.pgn,GameNodeComment,toString,3,1,0,11,0,,
carballo,com.alonsoruibal.chess.pgn,GameNodeVariation,add,3,1,1,9,0,,
carballo,com.alonsoruibal.chess.pgn,GameNodeVariation,get,3,1,1,13,0,,
carballo,com.alonsoruibal.chess.pgn,GameNodeVariation,size,3,1,0,17,0,,
carballo,com.alonsoruibal.chess.pgn,GameNodeVariation,toString,3,1,0,21,0,,
carballo,com.alonsoruibal.chess.pgn,PgnImportExport,setBoard,15,4,2,10,0,,
carballo,com.alonsoruibal.chess.pgn,PgnImportExport,getPgn,3,1,3,29,0,com.alonsoruibal.chess.pgn.PgnImportExport,com.alonsoruibal.chess.pgn.PgnImportExport
carballo,com.alonsoruibal.chess.pgn,PgnImportExport,getPgn,68,15,6,33,0,,
carballo,com.alonsoruibal.chess.pgn,PgnParser,parsePgn,3,1,1,16,0,com.alonsoruibal.chess.pgn.PgnParser,com.alonsoruibal.chess.pgn.PgnParser
carballo,com.alonsoruibal.chess.pgn,PgnParser,parsePgn,167,41,2,20,0,com.alonsoruibal.chess.pgn.PgnParser,com.alonsoruibal.chess.pgn.PgnParser
carballo,com.alonsoruibal.chess.pgn,PgnParser,isAlphaNumeric,3,1,1,205,0,,
carballo,com.alonsoruibal.chess.pgn,GameNodeResult,GameNodeResult,3,1,1,7,0,,
carballo,com.alonsoruibal.chess.pgn,GameNodeResult,toString,3,1,0,11,0,,
carballo,com.alonsoruibal.chess.pgn,NumericAnnotationGlyphs,translate,79,38,1,5,0,,
carballo,com.alonsoruibal.chess.pgn,Game,getId,3,1,0,21,0,,
carballo,com.alonsoruibal.chess.pgn,Game,setId,3,1,1,25,0,,
carballo,com.alonsoruibal.chess.pgn,Game,getEvent,3,1,0,29,0,,
carballo,com.alonsoruibal.chess.pgn,Game,setEvent,3,1,1,33,0,,
carballo,com.alonsoruibal.chess.pgn,Game,getSite,3,1,0,37,0,,
carballo,com.alonsoruibal.chess.pgn,Game,setSite,3,1,1,41,0,,
carballo,com.alonsoruibal.chess.pgn,Game,getRound,3,1,0,45,0,,
carballo,com.alonsoruibal.chess.pgn,Game,setRound,3,1,1,49,0,,
carballo,com.alonsoruibal.chess.pgn,Game,getWhite,3,1,0,53,0,,
carballo,com.alonsoruibal.chess.pgn,Game,setWhite,3,1,1,57,0,,
carballo,com.alonsoruibal.chess.pgn,Game,getBlack,3,1,0,61,0,,
carballo,com.alonsoruibal.chess.pgn,Game,setBlack,3,1,1,65,0,,
carballo,com.alonsoruibal.chess.pgn,Game,getWhiteElo,3,1,0,69,0,,
carballo,com.alonsoruibal.chess.pgn,Game,setWhiteElo,3,1,1,73,0,,
carballo,com.alonsoruibal.chess.pgn,Game,getBlackElo,3,1,0,77,0,,
carballo,com.alonsoruibal.chess.pgn,Game,setBlackElo,3,1,1,81,0,,
carballo,com.alonsoruibal.chess.pgn,Game,getResult,3,1,0,85,0,,
carballo,com.alonsoruibal.chess.pgn,Game,setResult,14,4,1,89,0,,
carballo,com.alonsoruibal.chess.pgn,Game,getEco,3,1,0,101,0,,
carballo,com.alonsoruibal.chess.pgn,Game,setEco,3,1,1,105,0,,
carballo,com.alonsoruibal.chess.pgn,Game,getDate,3,1,0,109,0,,
carballo,com.alonsoruibal.chess.pgn,Game,setDate,3,1,1,113,0,,
carballo,com.alonsoruibal.chess.pgn,Game,getEventDate,3,1,0,117,0,,
carballo,com.alonsoruibal.chess.pgn,Game,setEventDate,3,1,1,121,0,,
carballo,com.alonsoruibal.chess.pgn,Game,getWhiteFideId,3,1,0,125,0,,
carballo,com.alonsoruibal.chess.pgn,Game,setWhiteFideId,3,1,1,129,0,,
carballo,com.alonsoruibal.chess.pgn,Game,getBlackFideId,3,1,0,133,0,,
carballo,com.alonsoruibal.chess.pgn,Game,setBlackFideId,3,1,1,137,0,,
carballo,com.alonsoruibal.chess.pgn,Game,getFenStartPosition,3,1,0,141,0,,
carballo,com.alonsoruibal.chess.pgn,Game,setFenStartPosition,3,1,1,145,0,,
carballo,com.alonsoruibal.chess.pgn,Game,getPv,3,1,0,149,0,,
carballo,com.alonsoruibal.chess.pgn,Game,setPv,3,1,1,153,0,,
carballo,com.alonsoruibal.chess.pgn,GameNodeMove,GameNodeMove,5,1,3,9,0,,
carballo,com.alonsoruibal.chess.pgn,GameNodeMove,toString,3,1,0,15,0,,
carballo,com.alonsoruibal.chess.pgn,PgnFile,getGameNumber,37,7,2,12,0,,
carballo,com.alonsoruibal.chess.search,SearchObserver,info,0,1,1,5,0,,
carballo,com.alonsoruibal.chess.search,SearchObserver,bestMove,0,1,2,7,0,,
carballo,com.alonsoruibal.chess.search,SearchStats,print,28,7,1,35,0,,
carballo,com.alonsoruibal.chess.search,SearchStatusInfo,getDepth,3,1,0,93,0,,
carballo,com.alonsoruibal.chess.search,SearchStatusInfo,setDepth,3,1,1,97,0,,
carballo,com.alonsoruibal.chess.search,SearchStatusInfo,getSelDepth,3,1,0,101,0,,
carballo,com.alonsoruibal.chess.search,SearchStatusInfo,setSelDepth,3,1,1,105,0,,
carballo,com.alonsoruibal.chess.search,SearchStatusInfo,getTime,3,1,0,109,0,,
carballo,com.alonsoruibal.chess.search,SearchStatusInfo,setTime,3,1,1,113,0,,
carballo,com.alonsoruibal.chess.search,SearchStatusInfo,getNodes,3,1,0,117,0,,
carballo,com.alonsoruibal.chess.search,SearchStatusInfo,setNodes,3,1,1,121,0,,
carballo,com.alonsoruibal.chess.search,SearchStatusInfo,getPv,3,1,0,125,0,,
carballo,com.alonsoruibal.chess.search,SearchStatusInfo,setPv,3,1,1,129,0,,
carballo,com.alonsoruibal.chess.search,SearchStatusInfo,getMultiPv,3,1,0,133,0,,
carballo,com.alonsoruibal.chess.search,SearchStatusInfo,setMultiPv,3,1,1,137,0,,
carballo,com.alonsoruibal.chess.search,SearchStatusInfo,getScore,3,1,0,141,0,,
carballo,com.alonsoruibal.chess.search,SearchStatusInfo,setScore,3,1,1,145,0,,
carballo,com.alonsoruibal.chess.search,SearchStatusInfo,getCurrMove,3,1,0,149,0,,
carballo,com.alonsoruibal.chess.search,SearchStatusInfo,setCurrMove,3,1,1,153,0,,
carballo,com.alonsoruibal.chess.search,SearchStatusInfo,getCurrMoveNumber,3,1,0,157,0,,
carballo,com.alonsoruibal.chess.search,SearchStatusInfo,setCurrMoveNumber,3,1,1,161,0,,
carballo,com.alonsoruibal.chess.search,SearchStatusInfo,getHashFull,3,1,0,165,0,,
carballo,com.alonsoruibal.chess.search,SearchStatusInfo,setHashFull,3,1,1,169,0,,
carballo,com.alonsoruibal.chess.search,SearchStatusInfo,getNps,3,1,0,173,0,,
carballo,com.alonsoruibal.chess.search,SearchStatusInfo,setNps,3,1,1,177,0,,
carballo,com.alonsoruibal.chess.search,SearchStatusInfo,getTbHits,3,1,0,181,0,,
carballo,com.alonsoruibal.chess.search,SearchStatusInfo,setTbHits,3,1,1,185,0,,
carballo,com.alonsoruibal.chess.search,SearchStatusInfo,getCpuLoad,3,1,0,189,0,,
carballo,com.alonsoruibal.chess.search,SearchStatusInfo,setCpuLoad,3,1,1,193,0,,
carballo,com.alonsoruibal.chess.search,SearchStatusInfo,getString,3,1,0,197,0,,
carballo,com.alonsoruibal.chess.search,SearchStatusInfo,setString,3,1,1,201,0,,
carballo,com.alonsoruibal.chess.search,SearchStatusInfo,getRefutation,3,1,0,205,0,,
carballo,com.alonsoruibal.chess.search,SearchStatusInfo,setRefutation,3,1,1,209,0,,
carballo,com.alonsoruibal.chess.search,SearchStatusInfo,getCurrLine,3,1,0,213,0,,
carballo,com.alonsoruibal.chess.search,SearchStatusInfo,setCurrLine,3,1,1,217,0,,
carballo,com.alonsoruibal.chess.search,SearchStatusInfo,setScore,5,1,3,221,0,,
carballo,com.alonsoruibal.chess.search,SearchStatusInfo,isMate,3,1,0,227,0,,
carballo,com.alonsoruibal.chess.search,SearchStatusInfo,getMateIn,9,2,0,231,0,,
carballo,com.alonsoruibal.chess.search,SearchStatusInfo,toString,46,11,0,240,0,com.alonsoruibal.chess.search.SearchStatusInfo,com.alonsoruibal.chess.search.SearchStatusInfo
carballo,com.alonsoruibal.chess.search,Node,Node,6,1,2,31,0,com.alonsoruibal.chess.search.Node,com.alonsoruibal.chess.search.Node
carballo,com.alonsoruibal.chess.search,Node,clear,6,1,0,40,0,,
carballo,com.alonsoruibal.chess.search,Node,destroy,5,1,0,49,0,,
carballo,com.alonsoruibal.chess.search,SearchEngine,SearchEngine,17,4,1,103,0,com.alonsoruibal.chess.search.SearchEngine,com.alonsoruibal.chess.search.SearchEngine
carballo,com.alonsoruibal.chess.search,SearchEngine,init,26,7,0,125,0,com.alonsoruibal.chess.search.SearchEngine,com.alonsoruibal.chess.search.SearchEngine
carballo,com.alonsoruibal.chess.search,SearchEngine,clear,7,2,0,155,0,com.alonsoruibal.chess.search.SearchEngine,com.alonsoruibal.chess.search.SearchEngine
carballo,com.alonsoruibal.chess.search,SearchEngine,clearHistory,5,2,0,165,0,,
carballo,com.alonsoruibal.chess.search,SearchEngine,destroy,14,3,0,171,0,,
carballo,com.alonsoruibal.chess.search,SearchEngine,setObserver,3,1,1,186,0,,
carballo,com.alonsoruibal.chess.search,SearchEngine,getBoard,3,1,0,190,0,,
carballo,com.alonsoruibal.chess.search,SearchEngine,getBestMove,3,1,0,194,0,,
carballo,com.alonsoruibal.chess.search,SearchEngine,getBestMoveScore,3,1,0,198,0,,
carballo,com.alonsoruibal.chess.search,SearchEngine,getNodeCount,3,1,0,202,0,,
carballo,com.alonsoruibal.chess.search,SearchEngine,getConfig,3,1,0,206,0,,
carballo,com.alonsoruibal.chess.search,SearchEngine,setConfig,3,1,1,210,0,,
carballo,com.alonsoruibal.chess.search,SearchEngine,boardAllowsNullMove,3,1,0,214,0,,
carballo,com.alonsoruibal.chess.search,SearchEngine,canUseTT,28,10,3,221,0,,
carballo,com.alonsoruibal.chess.search,SearchEngine,evaluate,14,4,2,253,0,,
carballo,com.alonsoruibal.chess.search,SearchEngine,refineEval,3,1,2,278,0,,
carballo,com.alonsoruibal.chess.search,SearchEngine,quiescentSearch,82,17,3,286,0,com.alonsoruibal.chess.search.SearchEngine,com.alonsoruibal.chess.search.SearchEngine
carballo,com.alonsoruibal.chess.search,SearchEngine,search,243,62,6,404,0,com.alonsoruibal.chess.search.SearchEngine,com.alonsoruibal.chess.search.SearchEngine
carballo,com.alonsoruibal.chess.search,SearchEngine,notifyMoveFound,18,2,4,796,0,com.alonsoruibal.chess.search.SearchEngine,com.alonsoruibal.chess.search.SearchEngine
carballo,com.alonsoruibal.chess.search,SearchEngine,go,10,2,1,819,0,com.alonsoruibal.chess.search.SearchEngine,com.alonsoruibal.chess.search.SearchEngine
carballo,com.alonsoruibal.chess.search,SearchEngine,prepareRun,31,4,0,833,0,com.alonsoruibal.chess.search.SearchEngine,com.alonsoruibal.chess.search.SearchEngine
carballo,com.alonsoruibal.chess.search,SearchEngine,runStepped,42,9,0,868,0,com.alonsoruibal.chess.search.SearchEngine,com.alonsoruibal.chess.search.SearchEngine
carballo,com.alonsoruibal.chess.search,SearchEngine,run,26,5,0,921,0,com.alonsoruibal.chess.search.SearchEngine,com.alonsoruibal.chess.search.SearchEngine
carballo,com.alonsoruibal.chess.search,SearchEngine,sleep,2,1,1,954,0,,
carballo,com.alonsoruibal.chess.search,SearchEngine,setInitialSearchParameters,7,1,1,960,0,com.alonsoruibal.chess.search.SearchEngine,com.alonsoruibal.chess.search.SearchEngine
carballo,com.alonsoruibal.chess.search,SearchEngine,updateSearchParameters,6,1,1,971,0,,
carballo,com.alonsoruibal.chess.search,SearchEngine,getPv,31,6,1,982,0,,
carballo,com.alonsoruibal.chess.search,SearchEngine,stop,6,1,0,1020,0,,
carballo,com.alonsoruibal.chess.search,SearchEngine,evaluateDraw,5,1,1,1027,0,,
carballo,com.alonsoruibal.chess.search,SearchEngine,valueMatedIn,3,1,1,1039,0,,
carballo,com.alonsoruibal.chess.search,SearchEngine,valueMateIn,3,1,1,1043,0,,
carballo,com.alonsoruibal.chess.search,SearchEngine,getTT,3,1,0,1047,0,,
carballo,com.alonsoruibal.chess.search,SearchEngine,isSearching,3,1,0,1051,0,,
carballo,com.alonsoruibal.chess.search,SearchEngine,historyGood,13,3,3,1055,0,,
carballo,com.alonsoruibal.chess.search,SearchEngine,historyBad,9,2,2,1076,0,,
carballo,com.alonsoruibal.chess.search,SearchEngine,printNodeTree,7,2,1,1088,0,,
carballo,com.alonsoruibal.chess.search,SearchParameters,clearSearchMoves,6,2,0,39,0,,
carballo,com.alonsoruibal.chess.search,SearchParameters,addSearchMove,6,2,1,46,0,,
carballo,com.alonsoruibal.chess.search,SearchParameters,isPonder,3,1,0,53,0,,
carballo,com.alonsoruibal.chess.search,SearchParameters,setPonder,3,1,1,57,0,,
carballo,com.alonsoruibal.chess.search,SearchParameters,getWtime,3,1,0,61,0,,
carballo,com.alonsoruibal.chess.search,SearchParameters,setWtime,3,1,1,65,0,,
carballo,com.alonsoruibal.chess.search,SearchParameters,getBtime,3,1,0,69,0,,
carballo,com.alonsoruibal.chess.search,SearchParameters,setBtime,3,1,1,73,0,,
carballo,com.alonsoruibal.chess.search,SearchParameters,getWinc,3,1,0,77,0,,
carballo,com.alonsoruibal.chess.search,SearchParameters,setWinc,3,1,1,81,0,,
carballo,com.alonsoruibal.chess.search,SearchParameters,getBinc,3,1,0,85,0,,
carballo,com.alonsoruibal.chess.search,SearchParameters,setBinc,3,1,1,89,0,,
carballo,com.alonsoruibal.chess.search,SearchParameters,getMovesToGo,3,1,0,93,0,,
carballo,com.alonsoruibal.chess.search,SearchParameters,setMovesToGo,3,1,1,97,0,,
carballo,com.alonsoruibal.chess.search,SearchParameters,getDepth,3,1,0,101,0,,
carballo,com.alonsoruibal.chess.search,SearchParameters,setDepth,3,1,1,105,0,,
carballo,com.alonsoruibal.chess.search,SearchParameters,getNodes,3,1,0,109,0,,
carballo,com.alonsoruibal.chess.search,SearchParameters,setNodes,3,1,1,113,0,,
carballo,com.alonsoruibal.chess.search,SearchParameters,getMate,3,1,0,117,0,,
carballo,com.alonsoruibal.chess.search,SearchParameters,setMate,3,1,1,121,0,,
carballo,com.alonsoruibal.chess.search,SearchParameters,getMoveTime,3,1,0,125,0,,
carballo,com.alonsoruibal.chess.search,SearchParameters,setMoveTime,3,1,1,129,0,,
carballo,com.alonsoruibal.chess.search,SearchParameters,isInfinite,3,1,0,133,0,,
carballo,com.alonsoruibal.chess.search,SearchParameters,setInfinite,3,1,1,137,0,,
carballo,com.alonsoruibal.chess.search,SearchParameters,manageTime,3,1,0,141,0,,
carballo,com.alonsoruibal.chess.search,SearchParameters,calculateMoveTime,23,5,3,150,0,,
carballo,com.alonsoruibal.chess.search,SearchParameters,get,5,1,1,182,0,com.alonsoruibal.chess.search.SearchParameters,com.alonsoruibal.chess.search.SearchParameters
carballo,com.alonsoruibal.chess.search,MoveIterator,MoveIterator,7,1,3,97,0,,
carballo,com.alonsoruibal.chess.search,MoveIterator,destroy,5,1,0,107,0,,
carballo,com.alonsoruibal.chess.search,MoveIterator,getLastMoveSee,6,2,0,113,0,,
carballo,com.alonsoruibal.chess.search,MoveIterator,getLastMoveScore,3,1,0,120,0,,
carballo,com.alonsoruibal.chess.search,MoveIterator,getLastMoveIsKiller,3,1,0,124,0,,
carballo,com.alonsoruibal.chess.search,MoveIterator,genMoves,3,1,1,128,0,com.alonsoruibal.chess.search.MoveIterator,com.alonsoruibal.chess.search.MoveIterator
carballo,com.alonsoruibal.chess.search,MoveIterator,genMoves,8,1,2,132,0,,
carballo,com.alonsoruibal.chess.search,MoveIterator,initMoveGen,21,1,0,142,0,,
carballo,com.alonsoruibal.chess.search,MoveIterator,next,89,25,0,169,0,com.alonsoruibal.chess.search.MoveIterator,com.alonsoruibal.chess.search.MoveIterator
carballo,com.alonsoruibal.chess.search,MoveIterator,pickMoveFromArray,23,5,4,271,0,,
carballo,com.alonsoruibal.chess.search,MoveIterator,setBoard,3,1,1,294,0,,
carballo,com.alonsoruibal.chess.search,MoveIterator,generateCaptures,31,10,0,298,0,com.alonsoruibal.chess.search.MoveIterator,com.alonsoruibal.chess.search.MoveIterator
carballo,com.alonsoruibal.chess.search,MoveIterator,generateNonCaptures,41,13,0,333,0,com.alonsoruibal.chess.search.MoveIterator,com.alonsoruibal.chess.search.MoveIterator
carballo,com.alonsoruibal.chess.search,MoveIterator,generateCheckEvasionCaptures,43,14,0,377,0,com.alonsoruibal.chess.search.MoveIterator,com.alonsoruibal.chess.search.MoveIterator
carballo,com.alonsoruibal.chess.search,MoveIterator,generateCheckEvasionsNonCaptures,40,12,0,422,0,com.alonsoruibal.chess.search.MoveIterator,com.alonsoruibal.chess.search.MoveIterator
carballo,com.alonsoruibal.chess.search,MoveIterator,generateMovesFromAttacks,7,2,5,465,0,com.alonsoruibal.chess.search.MoveIterator,com.alonsoruibal.chess.search.MoveIterator
carballo,com.alonsoruibal.chess.search,MoveIterator,generatePawnCapturesOrGoodPromos,26,7,4,476,0,com.alonsoruibal.chess.search.MoveIterator,com.alonsoruibal.chess.search.MoveIterator
carballo,com.alonsoruibal.chess.search,MoveIterator,generatePawnNonCapturesAndBadPromos,17,4,3,503,0,com.alonsoruibal.chess.search.MoveIterator,com.alonsoruibal.chess.search.MoveIterator
carballo,com.alonsoruibal.chess.search,MoveIterator,addMove,154,34,6,521,0,,
carballo,com.alonsoruibal.chess.search,SearchEngineThreaded,SearchEngineThreaded,3,1,1,9,0,,
carballo,com.alonsoruibal.chess.search,SearchEngineThreaded,go,11,2,1,13,0,,
carballo,com.alonsoruibal.chess.search,SearchEngineThreaded,stop,8,2,0,30,0,com.alonsoruibal.chess.search.SearchEngineThreaded,com.alonsoruibal.chess.search.SearchEngineThreaded
carballo,com.alonsoruibal.chess.search,SearchEngineThreaded,sleep,7,1,1,43,0,,
carballo,com.alonsoruibal.chess.movegen,MoveGenerator,generateMoves,0,1,3,7,0,,
carballo,com.alonsoruibal.chess.movegen,MagicMoveGenerator,generateMoves,62,17,3,27,0,com.alonsoruibal.chess.movegen.MagicMoveGenerator,com.alonsoruibal.chess.movegen.MagicMoveGenerator
carballo,com.alonsoruibal.chess.movegen,MagicMoveGenerator,generateMovesFromAttacks,7,2,3,92,0,com.alonsoruibal.chess.movegen.MagicMoveGenerator,com.alonsoruibal.chess.movegen.MagicMoveGenerator
carballo,com.alonsoruibal.chess.movegen,MagicMoveGenerator,generatePawnCapturesFromAttacks,12,4,3,103,0,com.alonsoruibal.chess.movegen.MagicMoveGenerator,com.alonsoruibal.chess.movegen.MagicMoveGenerator
carballo,com.alonsoruibal.chess.movegen,MagicMoveGenerator,addMoves,11,2,5,115,0,,
carballo,com.alonsoruibal.chess.movegen,LegalMoveGenerator,generateMoves,11,3,3,8,0,,
carballo,com.alonsoruibal.chess.book,Book,getMove,0,1,1,12,0,,
carballo,com.alonsoruibal.chess.book,JSONBook,getMoves,3,1,0,45,0,,
carballo,com.alonsoruibal.chess.book,JSONBook,getWeights,3,1,0,49,0,,
carballo,com.alonsoruibal.chess.book,JSONBook,int2MoveString,9,2,1,53,0,,
carballo,com.alonsoruibal.chess.book,JSONBook,generateMoves,21,4,1,83,0,com.alonsoruibal.chess.book.JSONBook,com.alonsoruibal.chess.book.JSONBook
carballo,com.alonsoruibal.chess.book,JSONBook,getMove,9,3,1,107,0,com.alonsoruibal.chess.book.JSONBook,com.alonsoruibal.chess.book.JSONBook
carballo,com.alonsoruibal.chess.book,JSONBook,getData,0,1,1,120,0,,
carballo,com.alonsoruibal.chess.book,JSONBook,init,0,1,0,124,0,,
carballo,com.alonsoruibal.chess.book,ArrayBufferBook,ArrayBufferBook,3,1,1,27,0,,
carballo,com.alonsoruibal.chess.book,ArrayBufferBook,int2MoveString,9,2,1,31,0,,
carballo,com.alonsoruibal.chess.book,ArrayBufferBook,generateMoves,31,4,1,60,0,com.alonsoruibal.chess.book.ArrayBufferBook,com.alonsoruibal.chess.book.ArrayBufferBook
carballo,com.alonsoruibal.chess.book,ArrayBufferBook,getMove,11,3,1,102,0,com.alonsoruibal.chess.book.ArrayBufferBook,com.alonsoruibal.chess.book.ArrayBufferBook
carballo,com.alonsoruibal.chess.book,FileBook,FileBook,4,1,1,33,0,,
carballo,com.alonsoruibal.chess.book,FileBook,int2MoveString,9,2,1,38,0,,
carballo,com.alonsoruibal.chess.book,FileBook,generateMoves,32,4,1,68,0,com.alonsoruibal.chess.book.FileBook,com.alonsoruibal.chess.book.FileBook
carballo,com.alonsoruibal.chess.book,FileBook,getMove,11,3,1,105,0,com.alonsoruibal.chess.book.FileBook,com.alonsoruibal.chess.book.FileBook
carballo,com.alonsoruibal.chess,Board,Board,17,1,0,90,0,,
carballo,com.alonsoruibal.chess,Board,startPosition,3,1,0,112,0,com.alonsoruibal.chess.Board,com.alonsoruibal.chess.Board
carballo,com.alonsoruibal.chess,Board,startPosition,18,3,1,119,0,com.alonsoruibal.chess.Board,com.alonsoruibal.chess.Board
carballo,com.alonsoruibal.chess,Board,getKey,3,1,0,142,0,,
carballo,com.alonsoruibal.chess,Board,getExclusionKey,3,1,0,146,0,,
carballo,com.alonsoruibal.chess,Board,getKey2,3,1,0,150,0,,
carballo,com.alonsoruibal.chess,Board,getMoveNumber,3,1,0,157,0,,
carballo,com.alonsoruibal.chess,Board,getTurn,3,1,0,161,0,,
carballo,com.alonsoruibal.chess,Board,canCastleKingSide,14,3,2,168,0,com.alonsoruibal.chess.Board,com.alonsoruibal.chess.Board
carballo,com.alonsoruibal.chess,Board,canCastleQueenSide,14,3,2,189,0,com.alonsoruibal.chess.Board,com.alonsoruibal.chess.Board
carballo,com.alonsoruibal.chess,Board,getWhiteKingsideCastling,3,1,0,210,0,,
carballo,com.alonsoruibal.chess,Board,getWhiteQueensideCastling,3,1,0,214,0,,
carballo,com.alonsoruibal.chess,Board,getBlackKingsideCastling,3,1,0,218,0,,
carballo,com.alonsoruibal.chess,Board,getBlackQueensideCastling,3,1,0,222,0,,
carballo,com.alonsoruibal.chess,Board,getPassantSquare,3,1,0,226,0,,
carballo,com.alonsoruibal.chess,Board,getCheck,3,1,0,230,0,,
carballo,com.alonsoruibal.chess,Board,getAll,3,1,0,234,0,,
carballo,com.alonsoruibal.chess,Board,getMines,3,1,0,238,0,,
carballo,com.alonsoruibal.chess,Board,getOthers,3,1,0,242,0,,
carballo,com.alonsoruibal.chess,Board,getPieceIntAt,3,1,1,246,0,,
carballo,com.alonsoruibal.chess,Board,getPieceAt,4,1,1,255,0,,
carballo,com.alonsoruibal.chess,Board,getPieceUnicodeAt,11,3,1,265,0,,
carballo,com.alonsoruibal.chess,Board,setPieceAt,43,9,2,286,0,com.alonsoruibal.chess.Board,com.alonsoruibal.chess.Board
carballo,com.alonsoruibal.chess,Board,getFen,47,11,0,331,0,com.alonsoruibal.chess.Board,com.alonsoruibal.chess.Board
carballo,com.alonsoruibal.chess,Board,setFen,3,1,1,382,0,com.alonsoruibal.chess.Board,com.alonsoruibal.chess.Board
carballo,com.alonsoruibal.chess,Board,setFenMove,0,35,2,389,0,com.alonsoruibal.chess.Board,com.alonsoruibal.chess.Board
carballo,com.alonsoruibal.chess,Board,toString,22,4,0,606,0,com.alonsoruibal.chess.Board,com.alonsoruibal.chess.Board
carballo,com.alonsoruibal.chess,Board,resetHistory,17,2,0,634,0,,
carballo,com.alonsoruibal.chess,Board,saveHistory,18,2,2,655,0,,
carballo,com.alonsoruibal.chess,Board,doMove,3,1,1,675,0,com.alonsoruibal.chess.Board,com.alonsoruibal.chess.Board
carballo,com.alonsoruibal.chess,Board,doMove,174,34,3,682,0,com.alonsoruibal.chess.Board,com.alonsoruibal.chess.Board
carballo,com.alonsoruibal.chess,Board,isValid,3,1,0,896,0,com.alonsoruibal.chess.Board,com.alonsoruibal.chess.Board
carballo,com.alonsoruibal.chess,Board,setCheckFlags,8,2,0,903,0,com.alonsoruibal.chess.Board,com.alonsoruibal.chess.Board
carballo,com.alonsoruibal.chess,Board,undoMove,3,1,0,914,0,com.alonsoruibal.chess.Board,com.alonsoruibal.chess.Board
carballo,com.alonsoruibal.chess,Board,undoMove,18,2,1,918,0,,
carballo,com.alonsoruibal.chess,Board,isEndGame,16,4,0,938,0,com.alonsoruibal.chess.Board,com.alonsoruibal.chess.Board
carballo,com.alonsoruibal.chess,Board,isMate,4,1,0,956,0,com.alonsoruibal.chess.Board,com.alonsoruibal.chess.Board
carballo,com.alonsoruibal.chess,Board,isDraw,15,5,0,961,0,,
carballo,com.alonsoruibal.chess,Board,see,3,1,1,996,0,com.alonsoruibal.chess.Board,com.alonsoruibal.chess.Board
carballo,com.alonsoruibal.chess,Board,see,9,2,2,1000,0,com.alonsoruibal.chess.Board,com.alonsoruibal.chess.Board
carballo,com.alonsoruibal.chess,Board,see,43,10,4,1011,0,com.alonsoruibal.chess.Board,com.alonsoruibal.chess.Board
carballo,com.alonsoruibal.chess,Board,isUsingBook,3,1,0,1057,0,,
carballo,com.alonsoruibal.chess,Board,setOutBookMove,3,1,1,1061,0,,
carballo,com.alonsoruibal.chess,Board,isPassedPawn,12,3,1,1065,0,,
carballo,com.alonsoruibal.chess,Board,generateLegalMoves,7,2,0,1081,0,,
carballo,com.alonsoruibal.chess,Board,getLegalMoves,5,1,1,1092,0,com.alonsoruibal.chess.Board,com.alonsoruibal.chess.Board
carballo,com.alonsoruibal.chess,Board,getLegalMove,9,3,1,1098,0,com.alonsoruibal.chess.Board,com.alonsoruibal.chess.Board
carballo,com.alonsoruibal.chess,Board,getSanMove,3,1,1,1113,0,,
carballo,com.alonsoruibal.chess,Board,getMoveTurn,3,1,1,1117,0,,
carballo,com.alonsoruibal.chess,Board,getInitialFen,3,1,0,1121,0,,
carballo,com.alonsoruibal.chess,Board,getMoves,10,3,0,1125,0,,
carballo,com.alonsoruibal.chess,Board,getMovesSan,10,3,0,1136,0,,
carballo,com.alonsoruibal.chess,Board,toSanNextMoves,21,5,1,1147,0,com.alonsoruibal.chess.Board,com.alonsoruibal.chess.Board
carballo,com.alonsoruibal.chess,Board,getLastMove,6,2,0,1173,0,,
carballo,com.alonsoruibal.chess,Board,getLastMoveSan,6,2,0,1180,0,,
carballo,com.alonsoruibal.chess,Board,doMoves,10,3,1,1187,0,com.alonsoruibal.chess.Board,com.alonsoruibal.chess.Board
carballo,com.alonsoruibal.chess,Config,getPonder,3,1,0,41,0,,
carballo,com.alonsoruibal.chess,Config,setPonder,3,1,1,45,0,,
carballo,com.alonsoruibal.chess,Config,getUseBook,3,1,0,49,0,,
carballo,com.alonsoruibal.chess,Config,setUseBook,3,1,1,53,0,,
carballo,com.alonsoruibal.chess,Config,getBook,3,1,0,57,0,,
carballo,com.alonsoruibal.chess,Config,setBook,3,1,1,61,0,,
carballo,com.alonsoruibal.chess,Config,getBookKnowledge,3,1,0,65,0,,
carballo,com.alonsoruibal.chess,Config,getEvaluator,3,1,0,69,0,,
carballo,com.alonsoruibal.chess,Config,setEvaluator,3,1,1,73,0,,
carballo,com.alonsoruibal.chess,Config,getTranspositionTableSize,3,1,0,77,0,,
carballo,com.alonsoruibal.chess,Config,setTranspositionTableSize,3,1,1,81,0,,
carballo,com.alonsoruibal.chess,Config,getContemptFactor,3,1,0,85,0,,
carballo,com.alonsoruibal.chess,Config,setContemptFactor,3,1,1,89,0,,
carballo,com.alonsoruibal.chess,Config,getRand,3,1,0,93,0,,
carballo,com.alonsoruibal.chess,Config,isUciChess960,3,1,0,97,0,,
carballo,com.alonsoruibal.chess,Config,setUciChess960,3,1,1,101,0,,
carballo,com.alonsoruibal.chess,Config,isLimitStrength,3,1,0,105,0,,
carballo,com.alonsoruibal.chess,Config,setLimitStrength,4,1,1,109,0,com.alonsoruibal.chess.Config,com.alonsoruibal.chess.Config
carballo,com.alonsoruibal.chess,Config,getElo,3,1,0,114,0,,
carballo,com.alonsoruibal.chess,Config,setElo,4,1,1,118,0,com.alonsoruibal.chess.Config,com.alonsoruibal.chess.Config
carballo,com.alonsoruibal.chess,Config,calculateErrorsFromElo,10,2,0,123,0,,
carballo,com.alonsoruibal.chess,Pgn,getPgn,3,1,3,50,0,com.alonsoruibal.chess.Pgn,com.alonsoruibal.chess.Pgn
carballo,com.alonsoruibal.chess,Pgn,getPgn,70,16,6,54,0,,
carballo,com.alonsoruibal.chess,Pgn,parsePgn,122,28,1,140,0,,
carballo,com.alonsoruibal.chess,Pgn,setBoard,18,5,2,286,0,com.alonsoruibal.chess.Pgn,com.alonsoruibal.chess.Pgn
carballo,com.alonsoruibal.chess,Pgn,getPgnCurrentGame,3,1,0,307,0,,
carballo,com.alonsoruibal.chess,Pgn,getEvent,3,1,0,311,0,,
carballo,com.alonsoruibal.chess,Pgn,getRound,3,1,0,315,0,,
carballo,com.alonsoruibal.chess,Pgn,getSite,3,1,0,319,0,,
carballo,com.alonsoruibal.chess,Pgn,getDate,3,1,0,323,0,,
carballo,com.alonsoruibal.chess,Pgn,getWhite,3,1,0,327,0,,
carballo,com.alonsoruibal.chess,Pgn,getBlack,3,1,0,331,0,,
carballo,com.alonsoruibal.chess,Pgn,getWhiteElo,3,1,0,335,0,,
carballo,com.alonsoruibal.chess,Pgn,getBlackElo,3,1,0,339,0,,
carballo,com.alonsoruibal.chess,Pgn,getWhiteFideId,3,1,0,343,0,,
carballo,com.alonsoruibal.chess,Pgn,getBlackFideId,3,1,0,347,0,,
carballo,com.alonsoruibal.chess,Pgn,getResult,3,1,0,351,0,,
carballo,com.alonsoruibal.chess,Pgn,getEventType,3,1,0,355,0,,
carballo,com.alonsoruibal.chess,Pgn,getEventDate,3,1,0,359,0,,
carballo,com.alonsoruibal.chess,Pgn,getAnnotator,3,1,0,363,0,,
carballo,com.alonsoruibal.chess,Pgn,getFenStartPosition,3,1,0,367,0,,
carballo,com.alonsoruibal.chess,Pgn,getMoves,3,1,0,371,0,,
carballo,com.alonsoruibal.chess,Pgn,getGameNumber,31,6,2,375,0,,
carballo,com.alonsoruibal.chess,Move,genMove,3,1,6,45,0,,
carballo,com.alonsoruibal.chess,Move,genMove,3,1,5,49,0,,
carballo,com.alonsoruibal.chess,Move,getToIndex,3,1,1,53,0,,
carballo,com.alonsoruibal.chess,Move,getToSquare,3,1,1,57,0,,
carballo,com.alonsoruibal.chess,Move,getFromIndex,3,1,1,61,0,,
carballo,com.alonsoruibal.chess,Move,getFromSquare,3,1,1,65,0,,
carballo,com.alonsoruibal.chess,Move,getPieceMoved,3,1,1,69,0,,
carballo,com.alonsoruibal.chess,Move,getPieceCaptured,22,7,2,73,0,com.alonsoruibal.chess.Move,com.alonsoruibal.chess.Move
carballo,com.alonsoruibal.chess,Move,isCapture,3,1,1,92,0,,
carballo,com.alonsoruibal.chess,Move,isCheck,3,1,1,96,0,,
carballo,com.alonsoruibal.chess,Move,isCaptureOrCheck,3,1,1,100,0,,
carballo,com.alonsoruibal.chess,Move,getMoveType,3,1,1,104,0,,
carballo,com.alonsoruibal.chess,Move,isPawnPush,3,1,1,109,0,com.alonsoruibal.chess.Move,com.alonsoruibal.chess.Move
carballo,com.alonsoruibal.chess,Move,isPawnPush678,3,1,1,114,0,com.alonsoruibal.chess.Move,com.alonsoruibal.chess.Move
carballo,com.alonsoruibal.chess,Move,isPawnPush5678,3,1,1,119,0,com.alonsoruibal.chess.Move,com.alonsoruibal.chess.Move
carballo,com.alonsoruibal.chess,Move,isPromotion,3,1,1,123,0,com.alonsoruibal.chess.Move,com.alonsoruibal.chess.Move
carballo,com.alonsoruibal.chess,Move,getPiecePromoted,15,6,1,130,0,com.alonsoruibal.chess.Move,com.alonsoruibal.chess.Move
carballo,com.alonsoruibal.chess,Move,isTactical,3,1,1,146,0,com.alonsoruibal.chess.Move,com.alonsoruibal.chess.Move
carballo,com.alonsoruibal.chess,Move,isCastling,3,1,1,153,0,com.alonsoruibal.chess.Move,com.alonsoruibal.chess.Move
carballo,com.alonsoruibal.chess,Move,getFromString,152,40,3,157,0,com.alonsoruibal.chess.Move,com.alonsoruibal.chess.Move
carballo,com.alonsoruibal.chess,Move,toString,15,4,1,326,0,com.alonsoruibal.chess.Move,com.alonsoruibal.chess.Move
carballo,com.alonsoruibal.chess,Move,toStringExt,28,8,1,344,0,com.alonsoruibal.chess.Move,com.alonsoruibal.chess.Move
carballo,com.alonsoruibal.chess,Move,toSan,68,19,2,371,0,com.alonsoruibal.chess.Move,com.alonsoruibal.chess.Move
carballo,com.alonsoruibal.chess,Move,printMoves,7,2,3,444,0,com.alonsoruibal.chess.Move,com.alonsoruibal.chess.Move
carballo,com.alonsoruibal.chess,Move,sanToFigurines,3,1,1,452,0,,
carballo,com.alonsoruibal.chess,BaseTest,getEval,8,1,1,13,0,,
carballo,com.alonsoruibal.chess,BaseTest,compareEval,8,1,3,22,0,com.alonsoruibal.chess.BaseTest,com.alonsoruibal.chess.BaseTest
carballo,com.alonsoruibal.chess,BaseTest,getSearchQS,11,1,1,34,0,,
carballo,com.alonsoruibal.chess,BaseTest,getSearchScore,10,1,2,45,0,,
carballo,com.alonsoruibal.chess,BaseTest,getSearchBestMoveSan,10,1,2,56,0,,
carballo,com.alonsoruibal.chess,MoveIteratorPerftTest,reset,9,1,0,29,0,,
carballo,com.alonsoruibal.chess,MoveIteratorPerftTest,print,5,2,1,39,0,,
carballo,com.alonsoruibal.chess,MoveIteratorPerftTest,testInitialPosition,14,1,0,48,1,,
carballo,com.alonsoruibal.chess,MoveIteratorPerftTest,testPosition2,14,1,0,68,1,,
carballo,com.alonsoruibal.chess,MoveIteratorPerftTest,testPosition3,14,1,0,85,1,,
carballo,com.alonsoruibal.chess,MoveIteratorPerftTest,testPosition4,14,1,0,103,1,,
carballo,com.alonsoruibal.chess,MoveIteratorPerftTest,testPosition5,10,1,0,121,1,,
carballo,com.alonsoruibal.chess,MoveIteratorPerftTest,recursive,66,17,2,135,0,,
carballo,com.alonsoruibal.chess,MateTest,setUp,3,1,0,18,0,,
carballo,com.alonsoruibal.chess,MateTest,testBasic1,3,1,0,23,1,,
carballo,com.alonsoruibal.chess,MateTest,testBasic2,3,1,0,28,1,,
carballo,com.alonsoruibal.chess,MateTest,testMate1,3,1,0,33,1,,
carballo,com.alonsoruibal.chess,MateTest,testMate2,3,1,0,43,1,,
carballo,com.alonsoruibal.chess,MateTest,testMate3,3,1,0,53,1,,
carballo,com.alonsoruibal.chess,MateTest,testMate4,3,1,0,63,1,,
carballo,com.alonsoruibal.chess,MateTest,testMate5,3,1,0,73,1,,
carballo,com.alonsoruibal.chess,MateTest,testMate6,3,1,0,83,1,,
carballo,com.alonsoruibal.chess,MateTest,testMate7,3,1,0,93,1,,
carballo,com.alonsoruibal.chess,MateTest,testMate8,3,1,0,103,1,,
carballo,com.alonsoruibal.chess,MateTest,testMate9,3,1,0,112,1,,
carballo,com.alonsoruibal.chess,MateTest,testMate10,3,1,0,122,1,,
carballo,com.alonsoruibal.chess,MateTest,testPosition,8,1,2,131,0,,
carballo,com.alonsoruibal.chess,EvaluatorTest,countSubstring,3,1,2,14,0,,
carballo,com.alonsoruibal.chess,EvaluatorTest,testEvaluatorSimmetry1,3,1,0,18,1,,
carballo,com.alonsoruibal.chess,EvaluatorTest,testEvaluatorSimmetry2,3,1,0,23,1,,
carballo,com.alonsoruibal.chess,EvaluatorTest,testPawnClassification,83,1,0,28,1,,
carballo,com.alonsoruibal.chess,EvaluatorTest,testPassedPawn1,3,1,0,134,1,,
carballo,com.alonsoruibal.chess,EvaluatorTest,testKnightTrapped,3,1,0,139,1,,
carballo,com.alonsoruibal.chess,EvaluatorTest,testKingSafety,3,1,0,144,1,,
carballo,com.alonsoruibal.chess,EvaluatorTest,testBishopBonus,3,1,0,149,1,,
carballo,com.alonsoruibal.chess,EvaluatorTest,testSBDCastling,3,1,0,154,1,,
carballo,com.alonsoruibal.chess,EvaluatorTest,testConnectedPassersVsCandidate,3,1,0,160,1,,
carballo,com.alonsoruibal.chess,PerformanceTest,setUp,10,2,0,59,0,,
carballo,com.alonsoruibal.chess,PerformanceTest,testCompleteEvaluatorPerf,16,3,0,72,1,,
carballo,com.alonsoruibal.chess,PerformanceTest,testExperimentalEvaluatorPerf,16,3,0,92,1,,
carballo,com.alonsoruibal.chess,PerformanceTest,testSimplifiedEvaluatorPerf,16,3,0,112,1,,
carballo,com.alonsoruibal.chess,PerformanceTest,testPseudoLegalMoveGenPerf,14,3,0,132,1,,
carballo,com.alonsoruibal.chess,PerformanceTest,testMoveIteratorNewNewPerf,18,4,0,150,1,,
carballo,com.alonsoruibal.chess,PerformanceTest,testDoMovePerf,18,5,0,173,1,,
carballo,com.alonsoruibal.chess,PerformanceTest,testLegalMoveGenPerf,14,3,0,195,1,,
carballo,com.alonsoruibal.chess,PerformanceTest,testZobrishKeyPerf,13,3,0,213,1,,
carballo,com.alonsoruibal.chess,KPKBitbaseTest,setUp,4,1,0,17,0,,
carballo,com.alonsoruibal.chess,KPKBitbaseTest,testPawnPromotion,10,1,0,23,1,,
carballo,com.alonsoruibal.chess,KPKBitbaseTest,testKingCapturesPawn,22,1,0,36,1,,
carballo,com.alonsoruibal.chess,KPKBitbaseTest,testPositions,26,1,0,64,1,,
carballo,com.alonsoruibal.chess,SeeTest,testSee,9,1,3,9,0,,
carballo,com.alonsoruibal.chess,SeeTest,test1,3,1,0,19,1,,
carballo,com.alonsoruibal.chess,SeeTest,test2,3,1,0,24,1,,
carballo,com.alonsoruibal.chess,SeeTest,test3,3,1,0,29,1,,
carballo,com.alonsoruibal.chess,SeeTest,test4,3,1,0,34,1,,
carballo,com.alonsoruibal.chess,SeeTest,testNoOtherPiecesAttack,3,1,0,39,1,,
carballo,com.alonsoruibal.chess,SeeTest,testSeeError,3,1,0,44,1,,
carballo,com.alonsoruibal.chess,SeeTest,testSeeEnpassant,3,1,0,49,1,,
carballo,com.alonsoruibal.chess,MoveTest,toSanTest,8,1,0,10,1,,
carballo,com.alonsoruibal.chess,MoveTest,testMoveNotInTurn,6,1,0,20,1,,
carballo,com.alonsoruibal.chess,MoveTest,testPromotionSan,6,1,0,28,1,,
carballo,com.alonsoruibal.chess,ParseMoveTest,testGetFromString1,5,1,0,9,1,,
carballo,com.alonsoruibal.chess,ParseMoveTest,testGetFromString2,5,1,0,16,1,,
carballo,com.alonsoruibal.chess,ParseMoveTest,testGetFromString3,5,1,0,23,1,,
carballo,com.alonsoruibal.chess,ParseMoveTest,testGetFromString4,5,1,0,30,1,,
carballo,com.alonsoruibal.chess,ParseMoveTest,testGetFromStringCastlingInInitialPosition,5,1,0,37,1,,
carballo,com.alonsoruibal.chess,ParseMoveTest,testGetFromStringDisambiguateOneMoveNotLegal,5,1,0,44,1,,
carballo,com.alonsoruibal.chess,ParseMoveTest,testBugSanGg6,7,1,0,52,1,,
carballo,com.alonsoruibal.chess,ZobristKeyTest,testBoardZobristKey,21,3,0,19,1,,
carballo,com.alonsoruibal.chess,ZobristKeyTest,testZobristKey1,9,1,0,47,1,,
carballo,com.alonsoruibal.chess,ZobristKeyTest,testZobristKey2,7,1,0,59,1,,
carballo,com.alonsoruibal.chess,ZobristKeyTest,testZobristKey3,7,1,0,68,1,,
carballo,com.alonsoruibal.chess,ZobristKeyTest,testZobristKey4,7,1,0,77,1,,
carballo,com.alonsoruibal.chess,ZobristKeyTest,testZobristKey5,7,1,0,86,1,,
carballo,com.alonsoruibal.chess,ZobristKeyTest,testZobristKey6,7,1,0,95,1,,
carballo,com.alonsoruibal.chess,ZobristKeyTest,testZobristKey7,7,1,0,104,1,,
carballo,com.alonsoruibal.chess,ZobristKeyTest,testZobristKey8,7,1,0,113,1,,
carballo,com.alonsoruibal.chess,ZobristKeyTest,testZobristKey9,7,1,0,122,1,,
carballo,com.alonsoruibal.chess,ProblemsPgnTest,processPgnFile,8,2,2,12,0,,
carballo,com.alonsoruibal.chess,ProblemsPgnTest,testProblems,10,1,0,23,1,,
carballo,com.alonsoruibal.chess,BookTest,testBook,15,2,0,10,1,,
carballo,com.alonsoruibal.chess,DrawDetectionTest,test3FoldDraw,9,1,0,15,1,,
carballo,com.alonsoruibal.chess,DrawDetectionTest,test3FoldDrawNo,10,1,0,29,1,,
carballo,com.alonsoruibal.chess,DrawDetectionTest,testDrawDetection,15,1,0,45,1,,
carballo,com.alonsoruibal.chess,DrawDetectionTest,testKBbkDraw,7,1,0,62,1,,
carballo,com.alonsoruibal.chess,EvaluatorOpeningEndgameTest,conversionA,5,1,0,13,1,,
carballo,com.alonsoruibal.chess,EvaluatorOpeningEndgameTest,conversionB,5,1,0,20,1,,
carballo,com.alonsoruibal.chess,EvaluatorOpeningEndgameTest,add,5,1,0,27,1,,
carballo,com.alonsoruibal.chess,EvaluatorOpeningEndgameTest,subFromNegative,5,1,0,34,1,,
carballo,com.alonsoruibal.chess,EvaluatorOpeningEndgameTest,subThreeNegatives,5,1,0,41,1,,
carballo,com.alonsoruibal.chess,EvaluatorOpeningEndgameTest,subSwitchToNegativeA,5,1,0,48,1,,
carballo,com.alonsoruibal.chess,EvaluatorOpeningEndgameTest,mutiplyPositive,5,1,0,55,1,,
carballo,com.alonsoruibal.chess,EvaluatorOpeningEndgameTest,openingValueMustBeZero,4,1,0,62,1,,
carballo,com.alonsoruibal.chess,EvaluatorOpeningEndgameTest,endgameValueMustBeZero,4,1,0,68,1,,
carballo,com.alonsoruibal.chess,MoveIteratorTest,testPositionCountingMoves,32,5,7,11,0,,
carballo,com.alonsoruibal.chess,MoveIteratorTest,testCheckAfterPromotion,8,1,0,44,1,,
carballo,com.alonsoruibal.chess,MoveIteratorTest,testCheckAfterPromotionKingBehind,8,1,0,54,1,,
carballo,com.alonsoruibal.chess,MoveIteratorTest,castlingGivesCheck,16,3,0,64,1,,
carballo,com.alonsoruibal.chess,MoveIteratorTest,castlingGivesCheck2,16,3,0,83,1,,
carballo,com.alonsoruibal.chess,MoveIteratorTest,cannotCastleAttackedSquare1,16,3,0,102,1,,
carballo,com.alonsoruibal.chess,MoveIteratorTest,cannotCastleAttackedSquare2,16,3,0,121,1,,
carballo,com.alonsoruibal.chess,MoveIteratorTest,canCastleLongAlthoughThereIsAnAttackedSquareNear,16,3,0,140,1,,
carballo,com.alonsoruibal.chess,MoveIteratorTest,longCastlingGivesCheck2,16,3,0,159,1,,
carballo,com.alonsoruibal.chess,MoveIteratorTest,enPassantGivesCheck,16,3,0,178,1,,
carballo,com.alonsoruibal.chess,MoveIteratorTest,enPassantGivesCheck2PiecesXray,3,1,0,197,1,,
carballo,com.alonsoruibal.chess,MoveIteratorTest,cannotCaptureEnPassantCheck2PiecesXray,3,1,0,202,1,,
carballo,com.alonsoruibal.chess,MoveIteratorTest,promoteCapturing,3,1,0,207,1,,
carballo,com.alonsoruibal.chess,MoveIteratorTest,checkEvasions,3,1,0,212,1,,
carballo,com.alonsoruibal.chess,MoveIteratorTest,avoidCheckPromoting,3,1,0,217,1,,
carballo,com.alonsoruibal.chess,MoveIteratorTest,checkEvasionCapturingEnPassant,3,1,0,222,1,,
carballo,com.alonsoruibal.chess,MoveIteratorTest,checkEvasionInterposeCapturingEnPassant,3,1,0,227,1,,
carballo,com.alonsoruibal.chess,MoveIteratorTest,captureCheckingPieceWithKing,3,1,0,232,1,,
carballo,com.alonsoruibal.chess,MoveIteratorTest,captureCheckingPieceWithKingAndTwoPiecesGivingCheck,3,1,0,237,1,,
carballo,com.alonsoruibal.chess,MoveIteratorTest,evadeCheckMoveKingCapturing,3,1,0,242,1,,
carballo,com.alonsoruibal.chess,MoveIteratorTest,generatingDuplicatedTTMove,3,1,0,247,1,,
carballo,com.alonsoruibal.chess,MoveIteratorTest,testGeneratePromotionsInQuiescence,4,1,0,252,1,,
carballo,com.alonsoruibal.chess,MoveIteratorTest,testGenerateCapturesInQuiescence,3,1,0,261,1,,
carballo,com.alonsoruibal.chess,MoveIteratorTest,testGenerateOnlyGoodAnEqualCapturesInQuiescence,3,1,0,266,1,,
carballo,com.alonsoruibal.chess,MoveIteratorTest,testChess960Castling,3,1,0,271,1,,
carballo,com.alonsoruibal.chess,MoveIteratorTest,testChess960CastlingRookSameSquareGivesCheck,3,1,0,276,1,,
carballo,com.alonsoruibal.chess,MoveIteratorTest,testPawnPushDoesNotLeaveTheKingInCheck,3,1,0,281,1,,
carballo,com.alonsoruibal.chess,MoveIteratorTest,testDoNotGenerateLongCastling,36,3,0,286,1,,
carballo,com.alonsoruibal.chess,MoveIteratorTest,testTtLastMoveSee,11,1,0,327,1,,
carballo,com.alonsoruibal.chess,BasicEloTest,setUp,5,1,0,20,0,,
carballo,com.alonsoruibal.chess,BasicEloTest,testElo,212,60,0,27,1,,
carballo,com.alonsoruibal.chess,BasicEloTest,processPosition,7,1,1,253,0,,
carballo,com.alonsoruibal.chess,TournamentTest,testTournament,53,4,0,37,1,,
carballo,com.alonsoruibal.chess,TournamentTest,go,49,10,0,119,0,,
carballo,com.alonsoruibal.chess,TournamentTest,bestMove,13,2,2,167,0,,
carballo,com.alonsoruibal.chess,TournamentTest,info,2,1,1,180,0,,
carballo,com.alonsoruibal.chess,MoveGenerationPerftTest,reset,9,1,0,27,0,,
carballo,com.alonsoruibal.chess,MoveGenerationPerftTest,print,5,2,1,37,0,,
carballo,com.alonsoruibal.chess,MoveGenerationPerftTest,testInitialPosition,14,1,0,46,1,,
carballo,com.alonsoruibal.chess,MoveGenerationPerftTest,testPosition2,14,1,0,63,1,,
carballo,com.alonsoruibal.chess,MoveGenerationPerftTest,testPosition3,14,1,0,80,1,,
carballo,com.alonsoruibal.chess,MoveGenerationPerftTest,testPosition4,14,1,0,98,1,,
carballo,com.alonsoruibal.chess,MoveGenerationPerftTest,testPosition5,10,1,0,116,1,,
carballo,com.alonsoruibal.chess,MoveGenerationPerftTest,recursive,34,10,2,130,0,,
carballo,com.alonsoruibal.chess,MoveGenerationPerftTest,testWeirdError,8,1,0,167,1,,
carballo,com.alonsoruibal.chess,AttacksInfoTest,testPinnedBishop,9,1,0,11,1,,
carballo,com.alonsoruibal.chess,AttacksInfoTest,testPinnedRook,9,1,0,22,1,,
carballo,com.alonsoruibal.chess,AttacksInfoTest,testPinnedPawn,9,1,0,33,1,,
carballo,com.alonsoruibal.chess,EndgameTest,testKXK,3,1,0,11,1,,
carballo,com.alonsoruibal.chess,EndgameTest,testKNBK,8,1,0,16,1,,
carballo,com.alonsoruibal.chess,EndgameTest,testPawnAfterPromotionIsBetter,7,1,0,26,1,,
carballo,com.alonsoruibal.chess,EndgameTest,testKPK,21,1,0,35,1,,
carballo,com.alonsoruibal.chess,EndgameTest,testKRPKRDraw,4,1,0,72,1,,
carballo,com.alonsoruibal.chess,EndgameTest,testKPk,3,1,0,78,1,,
carballo,com.alonsoruibal.chess,EndgameTest,testKPkp,3,1,0,83,1,,
carballo,com.alonsoruibal.chess,EndgameTest,testKRKR,8,1,0,89,1,,
carballo,com.alonsoruibal.chess,EndgameTest,testKRk,3,1,0,99,1,,
carballo,com.alonsoruibal.chess,EndgameTest,testKQk,3,1,0,104,1,,
carballo,com.alonsoruibal.chess,EndgameTest,testKRPKP,4,1,0,109,1,,
carballo,com.alonsoruibal.chess,EndgameTest,testKQKP,3,1,0,115,1,,
carballo,com.alonsoruibal.chess,TranspositionTableTest,testTraspositionTable,17,1,0,11,1,,
carballo,com.alonsoruibal.chess,TranspositionTableTest,testDistanceToInitialPly,11,1,0,33,1,,
carballo,com.alonsoruibal.chess,BoardTest,testNoChess960StartPosition,5,1,0,9,1,,
carballo,com.alonsoruibal.chess,BoardTest,testChess960StartPosition,6,1,0,16,1,,
carballo,com.alonsoruibal.chess,BoardTest,testChess960Castling,9,1,0,24,1,,
carballo,com.alonsoruibal.chess,BoardTest,testChess960CastlingKingSameSquare,9,1,0,35,1,,
carballo,com.alonsoruibal.chess,BoardTest,testChess960CastlingRookSameSquare,9,1,0,46,1,,
carballo,com.alonsoruibal.chess,BoardTest,testXFen,9,1,0,57,1,,
carballo,com.alonsoruibal.chess,BoardTest,testMoveNumber1,5,1,0,69,1,,
carballo,com.alonsoruibal.chess,BoardTest,testMoveNumber2,5,1,0,76,1,,
carballo,com.alonsoruibal.chess,BoardTest,testMoveNumber3,7,1,0,83,1,,
carballo,com.alonsoruibal.chess,BoardTest,testUndo,9,1,0,92,1,,
carballo,com.alonsoruibal.chess,BoardTest,testCastling,6,1,0,103,1,,
carballo,com.alonsoruibal.chess,BoardTest,testPassedPawn,14,1,0,112,1,,
carballo,com.alonsoruibal.chess,BoardTest,testAdjacentColumnBug,6,1,0,129,1,,
carballo,com.alonsoruibal.chess,BoardTest,testCheckDetection,6,1,0,137,1,,
carballo,com.alonsoruibal.chess,ContemptFactorTest,testContemp1,3,1,0,10,1,,
carballo,com.alonsoruibal.chess,SearchEngineTest,testRefine,37,1,0,12,1,,
carballo,com.alonsoruibal.chess,SearchEngineTest,testSearchAlreadyMate,3,1,0,66,1,,
carballo,com.alonsoruibal.chess,SearchEngineTest,testBishopTrapped,4,1,0,71,1,,
carballo,com.alonsoruibal.chess,SearchEngineTest,testOpeningWithE4OrD4,4,1,0,77,1,,
carballo,com.alonsoruibal.chess,SearchEngineTest,testAnalysisMateCrash,3,1,0,83,1,,
carballo,com.alonsoruibal.chess,SearchEngineTest,testRetiEndgameStudy,3,1,0,88,1,,
carballo,com.alonsoruibal.chess,SearchEngineTest,testSameResultsAfterClear,14,1,0,93,1,,
carballo,com.alonsoruibal.chess,SearchEngineTest,testDoNotSendBestBoveWithPonder,24,1,0,126,1,,
carballo,com.alonsoruibal.chess,BitBoardUtilsTest,testHorizontalLine,4,1,0,10,1,,
carballo,com.alonsoruibal.chess,BitBoardUtilsTest,testLsb,7,1,0,16,1,,
carballo,com.alonsoruibal.chess,BitBoardUtilsTest,testMsb,7,1,0,25,1,,
carballo,com.alonsoruibal.chess.evaluation,CompleteEvaluator,evaluate,278,47,2,207,0,com.alonsoruibal.chess.evaluation.CompleteEvaluator,com.alonsoruibal.chess.evaluation.CompleteEvaluator
carballo,com.alonsoruibal.chess.evaluation,CompleteEvaluator,evalAttacks,34,7,4,600,0,,
carballo,com.alonsoruibal.chess.evaluation,ExperimentalEvaluator,evaluate,315,57,2,224,0,com.alonsoruibal.chess.evaluation.ExperimentalEvaluator,com.alonsoruibal.chess.evaluation.ExperimentalEvaluator
carballo,com.alonsoruibal.chess.evaluation,ExperimentalEvaluator,evalAttacks,34,7,4,683,0,,
carballo,com.alonsoruibal.chess.evaluation,Endgame,evaluateEndgame,51,17,12,44,0,com.alonsoruibal.chess.evaluation.Endgame,com.alonsoruibal.chess.evaluation.Endgame
carballo,com.alonsoruibal.chess.evaluation,Endgame,endgameKXK,6,1,6,132,0,,
carballo,com.alonsoruibal.chess.evaluation,Endgame,endgameKBNK,10,2,2,147,0,,
carballo,com.alonsoruibal.chess.evaluation,Endgame,endgameKPK,6,2,2,162,0,,
carballo,com.alonsoruibal.chess.evaluation,Endgame,scaleKRPKR,30,5,2,172,0,,
carballo,com.alonsoruibal.chess.evaluation,Endgame,endgameKQKP,28,6,2,223,0,,
carballo,com.alonsoruibal.chess.evaluation,Endgame,endgameKBPKN,12,2,2,256,0,,
carballo,com.alonsoruibal.chess.evaluation,Endgame,endgameKBPKB,20,4,2,273,0,,
carballo,com.alonsoruibal.chess.evaluation,Endgame,scaleKRPPKRP,15,3,2,302,0,,
carballo,com.alonsoruibal.chess.evaluation,KPKBitbase,index,3,1,4,151,0,,
carballo,com.alonsoruibal.chess.evaluation,KPKBitbase,probe,4,1,4,157,0,com.alonsoruibal.chess.evaluation.KPKBitbase,com.alonsoruibal.chess.evaluation.KPKBitbase
carballo,com.alonsoruibal.chess.evaluation,KPKBitbase,probe,19,3,1,162,0,com.alonsoruibal.chess.evaluation.KPKBitbase,com.alonsoruibal.chess.evaluation.KPKBitbase
carballo,com.alonsoruibal.chess.evaluation,Evaluator,Evaluator,3,1,0,35,0,,
carballo,com.alonsoruibal.chess.evaluation,Evaluator,evaluate,0,1,2,39,0,,
carballo,com.alonsoruibal.chess.evaluation,Evaluator,oe,3,1,2,44,0,,
carballo,com.alonsoruibal.chess.evaluation,Evaluator,o,3,1,1,51,0,,
carballo,com.alonsoruibal.chess.evaluation,Evaluator,e,3,1,1,58,0,,
carballo,com.alonsoruibal.chess.evaluation,Evaluator,oeShr,3,1,2,65,0,com.alonsoruibal.chess.evaluation.Evaluator,com.alonsoruibal.chess.evaluation.Evaluator
carballo,com.alonsoruibal.chess.evaluation,Evaluator,formatOE,3,1,1,72,0,com.alonsoruibal.chess.evaluation.Evaluator,com.alonsoruibal.chess.evaluation.Evaluator
carballo,com.alonsoruibal.chess.evaluation,SimplifiedEvaluator,evaluate,56,10,2,99,0,,
carballo,com.alonsoruibal.chess.evaluation,KPKBitbaseGenerator,index,3,1,4,40,0,,
carballo,com.alonsoruibal.chess.evaluation,KPKBitbaseGenerator,init,23,6,0,134,0,,
carballo,com.alonsoruibal.chess.evaluation,KPKBitbaseGenerator,main,10,3,1,165,0,com.alonsoruibal.chess.evaluation.KPKBitbaseGenerator,com.alonsoruibal.chess.evaluation.KPKBitbaseGenerator
carballo,com.alonsoruibal.chess.log,Logger,Logger,3,1,1,7,0,,
carballo,com.alonsoruibal.chess.log,Logger,getLogger,3,1,1,11,0,,
carballo,com.alonsoruibal.chess.log,Logger,info,7,2,1,15,0,,
carballo,com.alonsoruibal.chess.log,Logger,debug,7,2,1,23,0,,
carballo,com.alonsoruibal.chess.log,Logger,error,7,2,1,31,0,,
carballo,com.alonsoruibal.chess.bitboard,BitboardAttacks,getInstance,11,3,0,26,0,,
carballo,com.alonsoruibal.chess.bitboard,BitboardAttacks,squareAttackedAux,12,3,3,37,0,,
carballo,com.alonsoruibal.chess.bitboard,BitboardAttacks,squareAttackedAuxSlider,13,3,3,49,0,,
carballo,com.alonsoruibal.chess.bitboard,BitboardAttacks,BitboardAttacks,23,2,0,62,0,com.alonsoruibal.chess.bitboard.BitboardAttacks,com.alonsoruibal.chess.bitboard.BitboardAttacks
carballo,com.alonsoruibal.chess.bitboard,BitboardAttacks,isSquareAttacked,3,1,3,115,0,com.alonsoruibal.chess.bitboard.BitboardAttacks,com.alonsoruibal.chess.bitboard.BitboardAttacks
carballo,com.alonsoruibal.chess.bitboard,BitboardAttacks,areSquaresAttacked,11,3,3,122,0,com.alonsoruibal.chess.bitboard.BitboardAttacks,com.alonsoruibal.chess.bitboard.BitboardAttacks
carballo,com.alonsoruibal.chess.bitboard,BitboardAttacks,isIndexAttacked,20,6,3,134,0,com.alonsoruibal.chess.bitboard.BitboardAttacks,com.alonsoruibal.chess.bitboard.BitboardAttacks
carballo,com.alonsoruibal.chess.bitboard,BitboardAttacks,getIndexAttacks,7,2,2,155,0,com.alonsoruibal.chess.bitboard.BitboardAttacks,com.alonsoruibal.chess.bitboard.BitboardAttacks
carballo,com.alonsoruibal.chess.bitboard,BitboardAttacks,getXrayAttacks,6,2,3,169,0,com.alonsoruibal.chess.bitboard.BitboardAttacks,com.alonsoruibal.chess.bitboard.BitboardAttacks
carballo,com.alonsoruibal.chess.bitboard,BitboardAttacks,getRookAttacks,3,1,2,176,0,com.alonsoruibal.chess.bitboard.BitboardAttacks,com.alonsoruibal.chess.bitboard.BitboardAttacks
carballo,com.alonsoruibal.chess.bitboard,BitboardAttacks,getBishopAttacks,3,1,2,183,0,com.alonsoruibal.chess.bitboard.BitboardAttacks,com.alonsoruibal.chess.bitboard.BitboardAttacks
carballo,com.alonsoruibal.chess.bitboard,BitboardAttacks,getRookShiftAttacks,3,1,2,187,0,com.alonsoruibal.chess.bitboard.BitboardAttacks,com.alonsoruibal.chess.bitboard.BitboardAttacks
carballo,com.alonsoruibal.chess.bitboard,BitboardAttacks,getBishopShiftAttacks,3,1,2,192,0,com.alonsoruibal.chess.bitboard.BitboardAttacks,com.alonsoruibal.chess.bitboard.BitboardAttacks
carballo,com.alonsoruibal.chess.bitboard,BitboardAttacks,checkSquareAttackedAux,16,4,4,199,0,,
carballo,com.alonsoruibal.chess.bitboard,BitboardAttacksMagic,BitboardAttacksMagic,33,4,0,56,0,com.alonsoruibal.chess.bitboard.BitboardAttacksMagic,com.alonsoruibal.chess.bitboard.BitboardAttacksMagic
carballo,com.alonsoruibal.chess.bitboard,BitboardAttacksMagic,generatePieces,11,3,3,102,0,,
carballo,com.alonsoruibal.chess.bitboard,BitboardAttacksMagic,squareAttackedAuxSliderMask,15,4,3,119,0,,
carballo,com.alonsoruibal.chess.bitboard,BitboardAttacksMagic,magicTransform,3,1,3,134,0,,
carballo,com.alonsoruibal.chess.bitboard,BitboardAttacksMagic,getRookAttacks,4,1,2,138,0,com.alonsoruibal.chess.bitboard.BitboardAttacksMagic,com.alonsoruibal.chess.bitboard.BitboardAttacksMagic
carballo,com.alonsoruibal.chess.bitboard,BitboardAttacksMagic,getBishopAttacks,4,1,2,147,0,com.alonsoruibal.chess.bitboard.BitboardAttacksMagic,com.alonsoruibal.chess.bitboard.BitboardAttacksMagic
carballo,com.alonsoruibal.chess.bitboard,BitboardUtils,index2Square,3,1,1,143,0,,
carballo,com.alonsoruibal.chess.bitboard,BitboardUtils,changeEndianArray64,7,2,1,150,0,,
carballo,com.alonsoruibal.chess.bitboard,BitboardUtils,changeEndianArray64,7,2,1,162,0,,
carballo,com.alonsoruibal.chess.bitboard,BitboardUtils,toString,12,3,1,170,0,,
carballo,com.alonsoruibal.chess.bitboard,BitboardUtils,flipHorizontalIndex,3,1,1,186,0,,
carballo,com.alonsoruibal.chess.bitboard,BitboardUtils,square2Algebraic,3,1,1,190,0,,
carballo,com.alonsoruibal.chess.bitboard,BitboardUtils,index2Algebraic,3,1,1,197,0,,
carballo,com.alonsoruibal.chess.bitboard,BitboardUtils,algebraic2Index,8,3,1,201,0,,
carballo,com.alonsoruibal.chess.bitboard,BitboardUtils,algebraic2Square,10,3,1,210,0,,
carballo,com.alonsoruibal.chess.bitboard,BitboardUtils,getFile,8,3,1,221,0,,
carballo,com.alonsoruibal.chess.bitboard,BitboardUtils,getRankLsb,8,3,1,233,0,,
carballo,com.alonsoruibal.chess.bitboard,BitboardUtils,getRankMsb,8,3,1,242,0,,
carballo,com.alonsoruibal.chess.bitboard,BitboardUtils,getFileOfIndex,3,1,1,251,0,,
carballo,com.alonsoruibal.chess.bitboard,BitboardUtils,getRankOfIndex,3,1,1,255,0,,
carballo,com.alonsoruibal.chess.bitboard,BitboardUtils,getHorizontalLine,3,1,2,259,0,,
carballo,com.alonsoruibal.chess.bitboard,BitboardUtils,isWhiteSquare,3,1,1,267,0,,
carballo,com.alonsoruibal.chess.bitboard,BitboardUtils,isBlackSquare,3,1,1,271,0,,
carballo,com.alonsoruibal.chess.bitboard,BitboardUtils,getSameColorSquares,3,1,1,275,0,,
carballo,com.alonsoruibal.chess.bitboard,BitboardUtils,frontPawnSpan,6,1,2,279,0,,
carballo,com.alonsoruibal.chess.bitboard,BitboardUtils,frontFile,6,1,2,288,0,,
carballo,com.alonsoruibal.chess.bitboard,BitboardUtils,sameRankOrFile,3,1,2,296,0,,
carballo,com.alonsoruibal.chess.bitboard,AttacksInfo,AttacksInfo,3,1,0,43,0,,
carballo,com.alonsoruibal.chess.bitboard,AttacksInfo,checkPinnerRay,11,3,3,47,0,,
carballo,com.alonsoruibal.chess.bitboard,AttacksInfo,checkPinnerBishop,14,3,5,62,0,com.alonsoruibal.chess.bitboard.AttacksInfo,com.alonsoruibal.chess.bitboard.AttacksInfo
carballo,com.alonsoruibal.chess.bitboard,AttacksInfo,checkPinnerRook,14,3,5,78,0,com.alonsoruibal.chess.bitboard.AttacksInfo,com.alonsoruibal.chess.bitboard.AttacksInfo
carballo,com.alonsoruibal.chess.bitboard,AttacksInfo,build,108,16,1,94,0,com.alonsoruibal.chess.bitboard.AttacksInfo,com.alonsoruibal.chess.bitboard.AttacksInfo
carballo,com.alonsoruibal.chess.bitboard,MagicNumbersGenerator,randomFewbits,3,1,0,14,0,,
carballo,com.alonsoruibal.chess.bitboard,MagicNumbersGenerator,generatePieces,11,3,3,23,0,,
carballo,com.alonsoruibal.chess.bitboard,MagicNumbersGenerator,findMagics,37,10,3,40,0,com.alonsoruibal.chess.bitboard.MagicNumbersGenerator,com.alonsoruibal.chess.bitboard.MagicNumbersGenerator
carballo,com.alonsoruibal.chess.bitboard,MagicNumbersGenerator,main,14,3,1,101,0,com.alonsoruibal.chess.bitboard.MagicNumbersGenerator,com.alonsoruibal.chess.bitboard.MagicNumbersGenerator
carballo,com.alonsoruibal.chess.tt,TranspositionTable,TranspositionTable,10,1,1,44,0,,
carballo,com.alonsoruibal.chess.tt,TranspositionTable,clear,4,1,0,56,0,,
carballo,com.alonsoruibal.chess.tt,TranspositionTable,search,20,5,3,61,0,,
carballo,com.alonsoruibal.chess.tt,TranspositionTable,getBestMove,3,1,0,84,0,,
carballo,com.alonsoruibal.chess.tt,TranspositionTable,getNodeType,3,1,0,88,0,,
carballo,com.alonsoruibal.chess.tt,TranspositionTable,getGeneration,3,1,0,92,0,,
carballo,com.alonsoruibal.chess.tt,TranspositionTable,getDepthAnalyzed,4,1,0,96,0,,
carballo,com.alonsoruibal.chess.tt,TranspositionTable,getScore,3,1,0,101,0,,
carballo,com.alonsoruibal.chess.tt,TranspositionTable,getEval,3,1,0,105,0,,
carballo,com.alonsoruibal.chess.tt,TranspositionTable,newGeneration,3,1,0,109,0,,
carballo,com.alonsoruibal.chess.tt,TranspositionTable,isMyGeneration,3,1,0,113,0,com.alonsoruibal.chess.tt.TranspositionTable,com.alonsoruibal.chess.tt.TranspositionTable
carballo,com.alonsoruibal.chess.tt,TranspositionTable,set,38,8,8,117,0,com.alonsoruibal.chess.tt.TranspositionTable,com.alonsoruibal.chess.tt.TranspositionTable
carballo,com.alonsoruibal.chess.tt,TranspositionTable,getGenerationDelta,4,1,0,168,0,,
carballo,com.alonsoruibal.chess.tt,TranspositionTable,getHashFull,3,1,0,176,0,,
carballo,com.alonsoruibal.chess.swing,PgnDialog,PgnDialog,15,1,1,10,0,,
carballo,com.alonsoruibal.chess.swing,PgnDialog,setText,3,1,1,31,0,,
carballo,com.alonsoruibal.chess.swing,ChessApp,init,90,1,0,53,0,,
carballo,com.alonsoruibal.chess.swing,ChessApp,start,3,1,0,166,0,,
carballo,com.alonsoruibal.chess.swing,ChessApp,stop,5,1,0,170,0,,
carballo,com.alonsoruibal.chess.swing,ChessApp,destroy,8,2,0,176,0,,
carballo,com.alonsoruibal.chess.swing,ChessApp,userMove,14,3,2,185,0,com.alonsoruibal.chess.swing.ChessApp,com.alonsoruibal.chess.swing.ChessApp
carballo,com.alonsoruibal.chess.swing,ChessApp,checkUserToMove,20,8,0,200,0,com.alonsoruibal.chess.swing.ChessApp,com.alonsoruibal.chess.swing.ChessApp
carballo,com.alonsoruibal.chess.swing,ChessApp,bestMove,8,2,2,224,0,com.alonsoruibal.chess.swing.ChessApp,com.alonsoruibal.chess.swing.ChessApp
carballo,com.alonsoruibal.chess.swing,ChessApp,update,0,6,1,233,0,,
carballo,com.alonsoruibal.chess.swing,ChessApp,info,2,1,1,260,0,,
carballo,com.alonsoruibal.chess.swing,ChessApp,actionPerformed,66,17,1,264,0,com.alonsoruibal.chess.swing.ChessApp,com.alonsoruibal.chess.swing.ChessApp
carballo,com.alonsoruibal.chess.swing,ChessApp,main,16,1,1,321,0,com.alonsoruibal.chess.swing.ChessApp,com.alonsoruibal.chess.swing.ChessApp
carballo,com.alonsoruibal.chess.swing,ChessApp,windowClosing,3,1,1,324,0,,
carballo,com.alonsoruibal.chess.swing,SquareJPanel,loadImages,5,1,1,19,0,,
carballo,com.alonsoruibal.chess.swing,SquareJPanel,SquareJPanel,17,2,1,30,0,,
carballo,com.alonsoruibal.chess.swing,SquareJPanel,paintComponent,10,2,1,49,0,,
carballo,com.alonsoruibal.chess.swing,SquareJPanel,setHighlighted,3,1,1,61,0,,
carballo,com.alonsoruibal.chess.swing,SquareJPanel,getIndex,3,1,0,65,0,,
carballo,com.alonsoruibal.chess.swing,PieceJLabel,getPiece,3,1,0,14,0,,
carballo,com.alonsoruibal.chess.swing,PieceJLabel,PieceJLabel,9,1,1,18,0,,
carballo,com.alonsoruibal.chess.swing,PieceJLabel,paint,5,1,1,28,0,,
carballo,com.alonsoruibal.chess.swing,BoardJPanel,setAcceptInput,3,1,1,28,0,,
carballo,com.alonsoruibal.chess.swing,BoardJPanel,BoardJPanel,18,2,1,32,0,,
carballo,com.alonsoruibal.chess.swing,BoardJPanel,mousePressed,14,3,1,57,0,,
carballo,com.alonsoruibal.chess.swing,BoardJPanel,mouseDragged,5,3,1,80,0,,
carballo,com.alonsoruibal.chess.swing,BoardJPanel,mouseReleased,18,5,1,93,0,,
carballo,com.alonsoruibal.chess.swing,BoardJPanel,mouseClicked,2,1,1,117,0,,
carballo,com.alonsoruibal.chess.swing,BoardJPanel,mouseMoved,2,1,1,118,0,,
carballo,com.alonsoruibal.chess.swing,BoardJPanel,mouseEntered,2,1,1,119,0,,
carballo,com.alonsoruibal.chess.swing,BoardJPanel,mouseExited,2,1,1,120,0,,
carballo,com.alonsoruibal.chess.swing,BoardJPanel,setFen,35,8,3,122,0,,
carballo,com.alonsoruibal.chess.swing,BoardJPanel,unhighlight,3,2,0,156,0,,
carballo,com.alonsoruibal.chess.swing,BoardJPanel,highlight,6,1,2,160,0,,
carballo,com.alonsoruibal.chess.swing,BoardJPanel,getLastFen,3,1,0,167,0,,
carballo,com.alonsoruibal.chess.epdtest,WinAtChessTest,testWinAtChess,4,1,0,9,1,,
carballo,com.alonsoruibal.chess.epdtest,ECMGCPTest,testECMGCP,3,1,0,8,1,,
carballo,com.alonsoruibal.chess.epdtest,LTCIITest,testLCTII,4,1,0,8,1,,
carballo,com.alonsoruibal.chess.epdtest,BT2450Test,testBT2450,6,1,0,8,1,,
carballo,com.alonsoruibal.chess.epdtest,WCSACTest,testWinningChessSacrificesAndCombinations,3,1,0,8,1,,
carballo,com.alonsoruibal.chess.epdtest,BT2630Test,testBT2630,6,1,0,8,1,,
carballo,com.alonsoruibal.chess.epdtest,EpdTest,getSolved,3,1,0,63,0,,
carballo,com.alonsoruibal.chess.epdtest,EpdTest,getLctPoints,3,1,0,67,0,,
carballo,com.alonsoruibal.chess.epdtest,EpdTest,processEpdFile,4,1,2,71,0,com.alonsoruibal.chess.epdtest.EpdTest,com.alonsoruibal.chess.epdtest.EpdTest
carballo,com.alonsoruibal.chess.epdtest,EpdTest,processEpdFile,77,13,3,76,0,com.alonsoruibal.chess.epdtest.EpdTest,com.alonsoruibal.chess.epdtest.EpdTest
carballo,com.alonsoruibal.chess.epdtest,EpdTest,parseMoves,11,3,1,166,0,,
carballo,com.alonsoruibal.chess.epdtest,EpdTest,testPosition,28,4,4,178,0,com.alonsoruibal.chess.epdtest.EpdTest,com.alonsoruibal.chess.epdtest.EpdTest
carballo,com.alonsoruibal.chess.epdtest,EpdTest,info,27,7,1,209,0,,
carballo,com.alonsoruibal.chess.epdtest,EpdTest,bestMove,2,1,2,239,0,,
carballo,com.alonsoruibal.chess.epdtest,ArasanTest,testArasan,3,1,0,8,1,,
carballo,com.alonsoruibal.chess.epdtest,MyEpdTest,testMyEpd,5,1,0,8,1,,
carballo,com.alonsoruibal.chess.epdtest,BS2830Test,testBS2830,6,1,0,8,1,,
carballo,com.alonsoruibal.chess.epdtest,SilentButDeadlyTest,testSilentButDeadly,3,1,0,8,1,,
carballo,(default package),EpdTest,processEpdFile,43,5,3,30,0,,
carballo,(default package),EpdTest,parseMoves,11,3,2,78,0,,
carballo,(default package),EpdTest,testPosition,41,7,5,90,0,,
carballo,(default package),EpdTest,epdTest,11,1,4,136,0,,
carballo,(default package),EpdTest,main,18,4,1,147,0,,
carballo,com.alonsoruibal.chess.uci,Uci,Uci,6,1,0,31,0,,
carballo,com.alonsoruibal.chess.uci,Uci,loop,0,50,0,38,0,,
carballo,com.alonsoruibal.chess.uci,Uci,bestMove,11,2,2,237,0,,
carballo,com.alonsoruibal.chess.uci,Uci,info,5,1,1,249,0,,
carballo,com.alonsoruibal.chess.uci,Uci,main,4,1,1,255,0,com.alonsoruibal.chess.uci.Uci,com.alonsoruibal.chess.uci.Uci
carballo,com.alonsoruibal.chess.uci,UciEngine,UciEngine,4,1,1,19,0,,
carballo,com.alonsoruibal.chess.uci,UciEngine,open,21,2,1,24,0,com.alonsoruibal.chess.uci.UciEngine,com.alonsoruibal.chess.uci.UciEngine
carballo,com.alonsoruibal.chess.uci,UciEngine,close,3,1,0,49,0,,
carballo,com.alonsoruibal.chess.uci,UciEngine,run,20,5,0,53,0,,
carballo,com.alonsoruibal.chess.uci,UciEngine,sendCommand,5,1,1,72,0,,
carballo,com.alonsoruibal.chess.uci,UciEngine,sendStop,3,1,0,78,0,com.alonsoruibal.chess.uci.UciEngine,com.alonsoruibal.chess.uci.UciEngine
carballo,com.alonsoruibal.chess.uci,UciEngine,sendUciNewGame,3,1,0,82,0,com.alonsoruibal.chess.uci.UciEngine,com.alonsoruibal.chess.uci.UciEngine
carballo,com.alonsoruibal.chess.uci,UciEngine,sendIsReady,4,1,0,86,0,com.alonsoruibal.chess.uci.UciEngine,com.alonsoruibal.chess.uci.UciEngine
carballo,com.alonsoruibal.chess.uci,UciEngine,goMovetime,6,1,2,91,0,com.alonsoruibal.chess.uci.UciEngine,com.alonsoruibal.chess.uci.UciEngine
carballo,com.alonsoruibal.chess.uci,UciEngine,goNodes,6,1,2,98,0,com.alonsoruibal.chess.uci.UciEngine,com.alonsoruibal.chess.uci.UciEngine
carballo,com.alonsoruibal.chess.uci,UciEngine,goDepth,6,1,3,105,0,com.alonsoruibal.chess.uci.UciEngine,com.alonsoruibal.chess.uci.UciEngine
carballo,com.alonsoruibal.chess.uci,UciEngine,go,6,1,3,112,0,com.alonsoruibal.chess.uci.UciEngine,com.alonsoruibal.chess.uci.UciEngine
carballo,com.alonsoruibal.chess.uci,UciEngine,waitUciOk,9,2,0,119,0,,
carballo,com.alonsoruibal.chess.uci,UciEngine,waitReadyOk,9,2,0,128,0,,
carballo,com.alonsoruibal.chess.uci,UciEngine,waitBestMove,10,2,0,137,0,,
